<?xml version="1.0" encoding="utf-8"?>
<iconset>
<!--TODO: Add metas -->
  <icons>
    <icon id="bold">
      <default type="map">
        <path>iconsets/OpenWebMail/owm_icons.png</path>
        <x>3</x>
        <y>2</y>
      </default>
      <!--<de type="string">
        <path>iconsets/Crystal/de/bold_de.gif</path>
      </de>-->
    </icon>
    <icon id="italic">
      <default type="map">
        <path>iconsets/OpenWebMail/owm_icons.png</path>
        <x>2</x>
        <y>2</y>
      </default>
    </icon>
    <icon id="underline">
      <default type="map">
        <path>iconsets/OpenWebMail/owm_icons.png</path>
        <x>2</x>
        <y>0</y>
      </default>
    </icon>
    <icon id="strikethrough">
      <default type="map">
        <path>iconsets/OpenWebMail/owm_icons.png</path>
        <x>3</x>
        <y>0</y>
      </default>
    </icon>
    <icon id="subscript">
      <default type="map">
        <path>iconsets/OpenWebMail/owm_icons.png</path>
        <x>3</x>
        <y>1</y>
      </default>
    </icon>
    <icon id="superscript">
      <default type="map">
        <path>iconsets/OpenWebMail/owm_icons.png</path>
        <x>2</x>
        <y>1</y>
      </default>
    </icon>
    <icon id="undo">
      <default type="map">
        <path>iconsets/OpenWebMail/owm_icons.png</path>
        <x>4</x>
        <y>2</y>
      </default>
    </icon>
    <icon id="redo">
      <default type="map">
        <path>iconsets/OpenWebMail/owm_icons.png</path>
        <x>5</x>
        <y>2</y>
      </default>
    </icon>
    <icon id="cut">
      <default type="map">
        <path>iconsets/OpenWebMail/owm_icons.png</path>
        <x>5</x>
        <y>0</y>
      </default>
    </icon>
    <icon id="copy">
      <default type="map">
        <path>iconsets/OpenWebMail/owm_icons.png</path>
        <x>4</x>
        <y>0</y>
      </default>
    </icon>
    <icon id="paste">
      <default type="map">
        <path>iconsets/OpenWebMail/owm_icons.png</path>
        <x>4</x>
        <y>1</y>
      </default>
    </icon>
    <icon id="forecolor">
      <default type="map">
        <path>iconsets/OpenWebMail/owm_icons.png</path>
        <x>3</x>
        <y>3</y>
      </default>
    </icon>
    <icon id="hilitecolor">
      <default type="map">
        <path>iconsets/OpenWebMail/owm_icons.png</path>
        <x>2</x>
        <y>3</y>
      </default>
    </icon>
    <icon id="indent">
      <default type="map">
        <path>iconsets/OpenWebMail/owm_icons.png</path>
        <x>0</x>
        <y>2</y>
      </default>
    </icon>
    <icon id="outdent">
      <default type="map">
        <path>iconsets/OpenWebMail/owm_icons.png</path>
        <x>1</x>
        <y>2</y>
      </default>
    </icon>
    <icon id="insertimage">
      <default type="map">
        <path>iconsets/OpenWebMail/owm_icons.png</path>
        <x>6</x>
        <y>3</y>
      </default>
    </icon>
    <icon id="insertorderedlist">
      <default type="map">
        <path>iconsets/OpenWebMail/owm_icons.png</path>
        <x>0</x>
        <y>3</y>
      </default>
    </icon>
    <icon id="insertunorderedlist">
      <default type="map">
        <path>iconsets/OpenWebMail/owm_icons.png</path>
        <x>1</x>
        <y>3</y>
      </default>
    </icon>
    <icon id="justifyleft">
      <default type="map">
        <path>iconsets/OpenWebMail/owm_icons.png</path>
        <x>0</x>
        <y>0</y>
      </default>
    </icon>
    <icon id="justifyfull">
      <default type="map">
        <path>iconsets/OpenWebMail/owm_icons.png</path>
        <x>0</x>
        <y>1</y>
      </default>
    </icon>
    <icon id="justifycenter">
      <default type="map">
        <path>iconsets/OpenWebMail/owm_icons.png</path>
        <x>1</x>
        <y>1</y>
      </default>
    </icon>
    <icon id="justifyright">
      <default type="map">
        <path>iconsets/OpenWebMail/owm_icons.png</path>
        <x>1</x>
        <y>0</y>
      </default>
    </icon>
    <icon id="createlink">
      <default type="map">
        <path>iconsets/OpenWebMail/owm_icons.png</path>
        <x>6</x>
        <y>1</y>
      </default>
    </icon>
    <icon id="lefttoright">
      <default type="map">
        <path>iconsets/OpenWebMail/owm_icons.png</path>
        <x>0</x>
        <y>4</y>
      </default>
    </icon>
    <icon id="righttoleft">
      <default type="map">
        <path>iconsets/OpenWebMail/owm_icons.png</path>
        <x>1</x>
        <y>4</y>
      </default>
    </icon>
    <icon id="print">
      <default type="map">
        <path>iconsets/OpenWebMail/owm_icons.png</path>
        <x>8</x>
        <y>1</y>
      </default>
    </icon>
    <icon id="saveas">
      <default type="map">
        <path>iconsets/OpenWebMail/owm_icons.png</path>
        <x>9</x>
        <y>1</y>
      </default>
    </icon>
    <icon id="removeformat">
      <default type="map">
        <path>iconsets/OpenWebMail/owm_icons.png</path>
        <x>4</x>
        <y>4</y>
      </default>
    </icon>
    <icon id="about">
      <default type="map">
        <path>iconsets/OpenWebMail/owm_icons.png</path>
        <x>8</x>
        <y>2</y>
      </default>
    </icon>
    <icon id="showhelp">
      <default type="map">
        <path>iconsets/OpenWebMail/owm_icons.png</path>
        <x>9</x>
        <y>2</y>
      </default>
    </icon>
    <icon id="fullscreen">
      <default type="map">
        <path>iconsets/OpenWebMail/owm_icons.png</path>
        <x>8</x>
        <y>0</y>
      </default>
    </icon>
    <icon id="fullscreenrestore">
      <default type="map">
        <path>iconsets/OpenWebMail/owm_icons.png</path>
        <x>9</x>
        <y>0</y>
      </default>
    </icon>

  </icons>
</iconset>
